-- MySQL dump 10.13  Distrib 8.0.30, for Linux (x86_64)
--
-- Host: localhost    Database: main
-- ------------------------------------------------------
-- Server version	8.0.30-0ubuntu0.20.04.2

/*!40101 SET @OLD_CHARACTER_SET_CLIENT=@@CHARACTER_SET_CLIENT */;
/*!40101 SET @OLD_CHARACTER_SET_RESULTS=@@CHARACTER_SET_RESULTS */;
/*!40101 SET @OLD_COLLATION_CONNECTION=@@COLLATION_CONNECTION */;
/*!50503 SET NAMES utf8mb4 */;
/*!40103 SET @OLD_TIME_ZONE=@@TIME_ZONE */;
/*!40103 SET TIME_ZONE='+00:00' */;
/*!40014 SET @OLD_UNIQUE_CHECKS=@@UNIQUE_CHECKS, UNIQUE_CHECKS=0 */;
/*!40014 SET @OLD_FOREIGN_KEY_CHECKS=@@FOREIGN_KEY_CHECKS, FOREIGN_KEY_CHECKS=0 */;
/*!40101 SET @OLD_SQL_MODE=@@SQL_MODE, SQL_MODE='NO_AUTO_VALUE_ON_ZERO' */;
/*!40111 SET @OLD_SQL_NOTES=@@SQL_NOTES, SQL_NOTES=0 */;

--
-- Table structure for table `ability`
--

DROP TABLE IF EXISTS `ability`;
/*!40101 SET @saved_cs_client     = @@character_set_client */;
/*!50503 SET character_set_client = utf8mb4 */;
CREATE TABLE `ability` (
  `id` varchar(16) DEFAULT NULL,
  `length` varchar(5) DEFAULT NULL,
  `topicID` varchar(16) DEFAULT NULL,
  `content` longtext,
  `description` longtext
) ENGINE=InnoDB DEFAULT CHARSET=utf8mb4 COLLATE=utf8mb4_0900_ai_ci;
/*!40101 SET character_set_client = @saved_cs_client */;

--
-- Dumping data for table `ability`
--

LOCK TABLES `ability` WRITE;
/*!40000 ALTER TABLE `ability` DISABLE KEYS */;
INSERT INTO `ability` VALUES ('0','1-18','0','Grundsätze und Methoden des Projektmanagements anwenden','Initiieren, Planen, Steuern, Kontrollieren und Abschließen von Projekten nach aktuell gängigen Projektmanagementstandards -Anwendung von Methoden, Hilfsmitteln, Techniken und Kompetenzen in einem Projekt, z. B.: ●rojektplan ●Meilensteine ●Risikoanalyse ●Standards und Normen ●Projektmanagementsysteme -Basiskenntnisse des Veränderungsmanagements -Unterscheiden verschiedener Projektmanagementmethoden und Vorgehensmodelle, z. B.: ●agiles Projektmanagement ●VModell ●Spiralmodell ●Wasserfallmodell'),('1','1-18','0','Auftragsunterlagen und Durchführbarkeit des Auftrags prüfen, insbesondere in Hinblick auf rechtliche, wirtschaftliche und terminliche Vorgaben, und den Auftrag mit den betrieblichen Prozessen und Möglichkeiten abstimmen','Beachten der Voraussetzungen im eigenen Arbeitsumfeld -Definieren von Aufgaben, Rollen und Verantwortlichkeiten für alle Projektbeteiligten, z. B.: ●Projekt-Auftraggeber ●Projektleiter ●Projekt-Steuerkreis ●Projektmitarbeiter'),('2','1-18','0','Zeitplan und Reihenfolge der Arbeitsschritte für den eigenen Arbeitsbereich festlegen','fDefinieren und Festlegen von Arbeitspaketen und AbhängigkeitenfErleichterung der Planung und der Fortschrittskontrolle durch Aufteilung des Arbeits- bzw. Projektverlaufs in überprüfbare Etappen mit ZwischenzielenfUmsetzung der Arbeitspakete in konkrete Handlungen und Messen anhand von Prüfkriterien fggf. Ableiten einer Prognose für den weiteren Fortschritt bzw. den Endtermin'),('3','1-18','0','Termine planen und abstimmen sowie Terminüberwachung durchführen','fNutzung verschiedener ProjektmanagementsystemefErstellung von Projektstrukturplänen zur Gliederung von Projekten in plan- und kontrollierbare Elemente fvollständige Erfassung aller relevanten Tätigkeiten eines Projektes (funktionsorientierte, objektorientierte oder zeitorientierte Gliederung) im Top-down-, Bottom-up- oder Yo-Yo-AnsatzfVisualisierung, z. B.:●Netzplantechnik●Scrum Board●Kanban Board●Gantt-Diagramme'),('4','1-18','0','Probleme analysieren und als Aufgabe definieren sowie Lösungsalternativen entwickeln und beurteilen','fAnalysieren im Sinne von Erkennen und EinordnenfProblemlösungsvarianten entwickelnfProbleme beseitigen durch, z. B.: ●Situationsanalyse●Problemeingrenzung●Aufzeigen von Alternativen●Auswahl von Lösungen●Analysieren der Chancen und Risiken der ausgewählten Lösung anhand vorher definierter Beurteilungskriterien'),('5','1-18','0','Arbeits- und Organisationsmittel wirtschaftlich und ökologisch unter Berücksichtigung der vorhandenen Ressourcen und der Budgetvorgaben einsetzen','fBerücksichtigung der Formen von Arbeitsorganisation, z. B.:●Gruppenarbeit●Pair ProgrammingfBudgetplanung als Teil der Unternehmensplanungfeffektiver und effizienter Einsatz von Arbeits- und OrganisationsmittelnfPrüfung des Ressourceneinsatzes auf: ●rechtliche Zulässigkeit●technische und organisatorische Machbarkeit●ökologische Nachhaltigkeit und WirtschaftlichkeitfPrüfung der Wirtschaftlichkeit mittels betriebswirtschaftlicher Methoden, z. B.:●Rentabilitätsrechnung●Amortisationsrechnung'),('6','1-18','0','Aufgaben im Team sowie mit internen und externen Kunden und Kundinnen planen und abstimmen','fTeam als soziales Gefüge verstehen („social awareness“)fPhasen der Teamentwicklung kennen und anwenden (Konflikt, Kontrakt, Kooperation)fMethoden des sachbezogenen Verhandelns kennen und anwenden, z. B.:●Win-win-Strategie●Harvard-Konzeptfadressatengerechte Kommunikation'),('7','1-18','0','betriebswirtschaftlich relevante Daten erheben und bewerten und dabei Geschäfts- und Leistungsprozesse berücksichtigen','fBewerten anhand vorgegebener unternehmensspezifischer Daten'),('8','1-18','0','eigene Vorgehensweise sowie die Aufgabendurchführung im Team reflektieren und bei der Verbesserung der Arbeitsprozesse mitwirken','fgemeinsame kritische Analyse der bisherigen Zusammenarbeit und der Ergebnisse („lessons learnt“)foffenes Ansprechen von Erfolgen und Problemen fgemeinsame Entwicklung von Maßnahmen zur Verbesserung, z. B. SCRUM-Retrospektivefkonstruktive Kritik'),('9','1-18','1','im Rahmen der Marktbeobachtung Preise, Leistungen und Konditionen von Wettbewerbern vergleichen','fPrimär- und SekundärforschungfUnterscheiden und Nutzen von Erhebungsmethoden, z. B.:●Benchmark●Befragungen●Data Mining fMarktbeobachtung und Marktanalyse mit Marktdaten als Grundlage, z. B.:●Preisentwicklungen●Struktur der Anbieter●Produktqualitäten'),('10','1-18','1','Bedarfe von Kunden und Kundinnen feststellen sowie Zielgruppen unterscheiden','fFeststellung des Bedarfs an Waren, Dienstleistungen oder Personal in einer bestimmten Region, einer bestimmten Personengruppe oder in einem bestimmten Zeitraum, z. B.:●Zielgruppendefinitionen●Kundentypologien●Konsumverhalten'),('11','1-18','1','Kunden und Kundinnen unter Beachtung von Kommunikationsregeln informieren sowie Sachverhalte präsentieren und dabei deutsche und englische Fachbegriffe anwenden','fArgumentations- und Präsentationstechniken fzielgruppengerechte und lösungsorientierte Vorstellung von Produkten und Ergebnissen '),('12','1-18','1','Maßnahmen für Marketing und Vertrieb unterstützen','fStärken-Schwächen-Analyse (SWOT etc.)fBegleiten von IT-VertriebsprozessenfMotive und Werte der Kunden'),('13','1-18','1','Informationsquellen auch in englischer Sprache aufgabenbezogen auswerten und für die Kundeninformation nutzen','funterschiedliche Quellen nutzen und bewerten, z. B.:●Internet und Intranet●Fachliteratur●technische Dokumentationenfkombinierte Suchabfragen unter Verwendung von SuchoperatorenfBerücksichtigung der geltenden Compliance-Regelungen, Ethik'),('14','1-18','2','marktgängige IT-Systeme für unterschiedliche Einsatzbereiche hinsichtlich Leistungsfähigkeit, Wirtschaftlichkeit und Barrierefreiheit beurteilen','fIT-Systeme anhand ihres wirtschaftlichen Nutzens zum Unternehmenserfolg bewertenfGegenüberstellen von Kosten-Nutzenftechnische Leistungskriterien verschiedener IT-Systeme vergleichen und bewerten fintuitive Bedienungfbarrierefreier Zugriff auf IT-Systeme, z. B.: ●einfache Sprache●Braille●Spracheingabe- und -ausgabe'),('15','1-18','2','Angebote zu IT-Komponenten, IT-Produkten und IT-Dienstleistungen einholen und bewerten sowie Spezifikationen und Konditionen vergleichen','fAngebotsvergleiche, z.B. quantitative und qualitative VergleichefGegenüberstellung Eigenfertigung oder Fremdbezug (Make or buy) fpartieller/gewichteter PreisvergleichfAusschreibung von LeistungenfBeschreibung von Leistungen, z. B.:●Pflichten- und Lastenheft●LeistungsverzeichnisfEinholung bzw. Bewertung von Angebotenfaus den Angeboten verschiedener Lieferanten das am besten geeignete Angebot identifizieren, z. B. mithilfe der Nutzwertanalyse'),('16','1-18','3','IT-Systeme zur Bearbeitung betrieblicher Fachaufgaben analysieren sowie unter Beachtung insbesondere von Lizenzmodellen, Urheberrechten und Barrierefreiheit konzeptionieren, konfigurieren, testen und dokumentieren','fPotenziale von IT-Systemen bzw. einem Verbund verschiedener Arten erkennenfBestimmungen der Barrierefreiheit bei der Auswahl sowie der Einrichtung moderner Informations- und Kommunikationstechnik (Hard- und Software) berücksichtigenfBasiswissen IT-Servicemanagement und darin verwendeter Methoden und Verfahren, z. B.:●ITIL●CobiT●MOF●ISO 20000fBestimmungen zur IT-Sicherheit (IT-Security) bei allen eingesetzten Hardware- und Softwaresystemen bzw. Infrastrukturen für eine Sicherheit der Informationsverarbeitung und auch der Kommunikation (Daten- bzw. Informationssicherheit) kennen und einhalten'),('17','1-18','3','Programmiersprachen,   insbesondere prozedurale und objektorientierte Programmiersprachen, unterscheiden','fVor- und Nachteile verschiedener Programmierparadigmen kennen und Programmiersprachen nach Sprachhöhe unterscheidenfIdentifikation und Auswahl einer für das jeweilige „Realweltproblem” passenden SprachefBasiswissen Softwarelogik und grundlegende Programmelemente, z. B.:●Darstellungsformen für Programmabläufe●Aussagenlogik●Programmstrukturen●Datenstrukturen●Algorithmen●Objekte●Klassen●Variablen●Zuweisungen●Bedingungen/Verzweigungen●Schleifen'),('18','1-18','4','betriebliche   Qualitätssicherungssysteme im eigenen Arbeitsbereich anwenden und Qualitätssicherungs- maßnahmen projektbegleitend durchführen und dokumentieren','fNutzen der QS-Systeme im betriebseigenen Umfeld steht hier im Vordergrundfan der ständigen Verbesserung des betriebseigenen QS-Systems mitarbeitenfModelle und Standards einordnen, z. B.:●EFQM●QS-Normen ISO 9000-9004●Six SigmafVerbesserung der Prozessqualität, der Arbeitsqualität und damit der Produkt- und Dienstleistungsqualität (Stichwort: prozessorientiertes QM-System)fvorrangiges Ziel ist die Sicherstellung der vorgegebenen Qualität, ein höherwertiges Ergebnis ist nicht das primäre Ziel'),('19','1-18','5','betriebliche Vorgaben und rechtliche Regelungen zur IT-Sicherheit und zum Datenschutz einhalten','fNutzen und stetes Anwenden der betriebseigenen Regelungen zur IT-Sicherheit und für den DatenschutzfAnwenden des organisationsinternen Prozesses zur Gewährleistung der IT-Sicherheit und des Datenschutzes (IT-Sicherheitsmanagement)fnormierte VorgehensweisefVerwendung von Standards'),('20','1-18','5','Sicherheitsanforderungen von IT-Systemen analysieren und Maßnahmen zur IT-Sicherheit ableiten, abstimmen, umsetzen und evaluieren','fAnwenden aktueller Standards, z. B.:●ISO 27001●ISO 27002fAnwenden von Vorschriften, z. B.:●BDSG●Basel II und III●SOX●DSGVOfAnwenden von Evaluierungstechniken zur IT-Sicherheit (IT-Grundschutz-Handbuch) fVerhindern oder Abwehr von Gefahren für die Informationssicherheit oder Bedrohungen des Datenschutzes, z. B. durch Etablierung eines IT-Sicherheitsmanagements (ISMS) unter Verwendung von Standards wie IT-Grundschutz, ISO/IEC 27001fIdentifizieren und Umsetzen von SicherheitsmaßnahmenfErreichen eines mittleren, angemessenen und ausreichenden Schutzniveaus für IT-Systeme durch technische Sicherheitsmaßnahmen und infrastrukturelle, organisatorische und personelle Schutzmaßnahmen'),('21','1-18','6','Leistungen nach betrieblichen und vertraglichen Vorgaben dokumentieren','fAbstimmen der zu erwartenden Ergebnisse hinsichtlich betrieblicher und vertraglicher Rahmenbedingungen mit dem AuftraggeberfDokumentation der Vereinbarung, z. B. mittels Pflichtenheft oder AnforderungskatalogfDokumentation von Arbeits- und Projektzeiten (aktuell, flächendeckend und realistisch)fZeiterfassung als Bestandteil des Projektmanagements und ControllingsfPersonaleinsatzplanung auf Basis der Arbeits- und Projektzeiterfassung'),('22','1-18','6','Leistungserbringung unter Berücksichtigung der organisatorischen und terminlichen Vorgaben mit Kunden und Kundinnen abstimmen und kontrollieren','fAbstimmen der dokumentierten Vorgaben zur Leistungserbringung während des gesamten Zeitraums mit dem Auftraggeberfkontinuierliche Prüfung der erfolgreichen Umsetzung und Ergebnisse sowie der zeitlichen Einhaltung fggf. Berücksichtigung der Stilllegung von Altsystemen und Inbetriebnahme der neuen SystemefAufbewahrung von Archivdatenfvollständige Dokumentation der erbrachten Leistung'),('23','1-18','6','Veränderungsprozesse begleiten und unterstützen','fmotivierte Herangehensweise und Betonung der ChancenfAnreichern mit eigenem Know-how fVoranbringen schnell und in geeigneter Weise unterstützenfFragen beantworten, informieren und zuhörenfDarstellung der Veränderungsschritte, z. B. anhand der sieben Phasen eines Change-Prozesses'),('24','1-18','6','Kunden und Kundinnen in die Nutzung von Produkten und Dienstleistungen einweisen','fUnterstützung bei der Umsetzung von Schulungsangeboten fDurchführung von Einführungsveranstaltungen (auch begleitende Unterstützung vor Ort)fHervorhebung der Vorteile und Nutzen-Argumentation fzielorientierte Vorgehensweise'),('25','1-18','6','Leistungen und Dokumentationen an Kunden und Kundinnen übergeben sowie Abnahmeprotokolle anfertigen','fvor der Abnahme: Prüfung der Funktionsfähigkeit sowie Installation und PersonalschulungfAbnahmeprotokoll mit Angaben zu Vollständigkeit, Funktionseignung und Schadensfreiheit des geprüften Werks erstellenfzusätzlich Aufnahme nicht geprüfter Abnahmekriterienfnötige Unterlagen zur Einführung und Umsetzung der Ergebnisse bereitstellen und übergeben, z. B.:●Planungsunterlagen●Angaben zu genutzten Systemen und DatenfBedeutung und Moment der Abnahme verdeutlichenfAbgleich mit der Sollspezifikation durchführen und protokollieren'),('26','1-18','6','Kosten für erbrachte Leistungen erfassen sowie im Zeitvergleich und im Soll-Ist-Vergleich bewerten','fDokumentation der angefallenen Kosten anhand einer Kostenaufstellung und der wirtschaftlichen Leistungserbringung erstellenfBewerten und Dokumentieren der erbrachten Leistungen anhand der anfänglichen Abstimmung der betrieblichen und vertraglichen VereinbarungenfErfüllen oder Abweichen von der Vereinbarung dokumentierenferbrachte Leistungen bestätigen lassen'),('27','1-18','7','Netzwerkkonzepte   für unterschiedliche Anwendungsgebiete unterscheiden','fBerücksichtigung von möglichen Anwendungsfällen und Konzepten beim Einsatz von kabelgebundenen und kabellosen Netzwerken, z. B.:●LAN/WAN ●WLAN/WWANfBerücksichtigung und Unterscheidung von Einsatzgebieten für Technologien wie Switching und Routing sowie virtuellen Lösungen wie beispielsweise VPN und VLAN fBerücksichtigung des Einsatzes von mobilen Endgeräten in unterschiedlichen Anwendungsfällen'),('28','1-18','7','Datenaustausch von vernetzten Systemen realisieren','fImplementieren und Konfigurieren von Übertragungsprotokollen und -komponenten für den Austausch von Daten, z. B.:●Datenaustausch zwischen Client●Server und PeripheriefUnterscheiden von möglichen Lösungen zum Datenaustausch unter Berücksichtigung des vorliegenden Netzwerkkonzeptes, z. B. beim Einsatz von Cloudanwendungen oder VPN'),('29','1-18','7','Verfügbarkeit und Ausfallwahrscheinlichkeiten analysieren und Lösungsvorschläge unterbreiten','fAnalyse der Möglichkeiten zur Absicherung von bestehenden Systemen fErstellen einer Übersicht der Komponenten und Funktionen, z. B.:●Redundanzen (RAID)●USV-AbsicherungenfAufzeigen von Notfallszenarien und passender Möglichkeiten zur Wiederherstellung'),('30','1-18','7','Maßnahmen zur präventiven Wartung und zur Störungsvermeidung einleiten und durchführen','fVerwenden von Monitoring-Systemen zur Überwachung des Systems und von AnwendungenfÜberwachen der Systemlast im Betrieb (systemabhängige Schwellenwerte)fBeobachten von Tendenzen und Ziehen von Rückschlüssen auf mögliche Auswirkungen im Betriebsablauf'),('31','1-18','8','-','-'),('32','1-18','9','Programmspezifikationen   festlegen, Datenmodelle und Strukturen aus fachlichen Anforderungen ableiten sowie Schnittstellen festlegen','fAbstimmung mit dem Auftraggeber und Festlegen der Anforderungen an die SoftwarelösungfDokumentation der Anforderungen und sachgerechte Aufbereitung, z. B. UML-DiagrammefBerücksichtigung von Rahmenbedingungen, z.B.:●Umfang der gespeicherten Daten ●Typen und Formate der vorliegenden Daten ●Schnittstellen zu anderen Systemen ●erforderliche Zugriffsmöglichkeiten, Bereitstellung und Ausgabe'),('33','1-18','9','Programmiersprachen   auswählen und unterschiedliche Programmiersprachen anwenden','fBerücksichtigung des Anwendungsfalls und der Plattform bei der Auswahl der Programmiersprache, z. B.:●Webanwendungen●Desktopanwendung●Nutzung von mobilen EndgerätenfBerücksichtigung von Sicherheits- und LizenzvorgabenfBerücksichtigung unterschiedlicher Aspekte bei der Auswahl und Anwendung von Programmiersprachen, z. B.:●vorhandene Systemumgebung●Problemstellung ●Komplexität●Schnittstellen●zur Verfügung stehende Bibliotheken'),('34','1-18','10','Vorgehensmodelle und -methoden sowie Entwicklungsumgebungen und -bibliotheken auswählen und einsetzen','fDarstellung des Entwicklungsprozesses einer Software aus Projektsicht, z. B. anhand:●Wasserfallmodell●Spiralmodell●V-Modell fBeschreiben der agilen Vorgehensmethoden bei der Softwareentwicklung fEntwicklungsumgebungen zur Softwareentwicklung beschreiben und Bibliotheken zur Entwicklung im betrieblichen Alltag nutzen können'),('35','1-18','10','Analyse- und Designverfahren anwenden','fstrukturierte Analyse- und Designverfahren, z.B.:●Top-down-Entwurf●Bottom-up-Entwurffobjektorientierte Analyse- und Designverfahren, z. B.:●Use-Case-Darstellung●Klassen-Darstellung'),('36','1-18','10','Benutzerschnittstellen   ergonomisch gestalten und an Kundenanforderungen anpassen','fgrundlegende Gestaltungsvorgaben, z. B.  EN ISO 9241-110 fffnotwendige Kundenanforderungen, z. B.:●Corporate Identity●Barrierefreiheit●Zugriffsberechtigungen'),('37','1-18','11','Sicherheitsaspekte bei der Entwicklung von Softwareanwendungen berücksichtigen','fUmsetzen von Verschlüsselungssystemen, z. B.:●symmetrischen Verschlüsselungssysteme●asymmetrischen Verschlüsselungssysteme●HybridverfahrenfEinordnen von ●digitaler Signatur●digitalem ZertifikatfBedeutung von Security By Design ●für die Gesellschaft●für Anwender von Software●für Hersteller von Software'),('38','1-18','11','Datenintegrität mithilfe von Werkzeugen sicherstellen','fImplementation von Werkzeugen zur Sicherstellung der Datenintegrität ●referentielle Integrität●TransaktionssicherheitfFestlegen und Implementation von Sicherheitsmechanismen, insbesondere Zugriffsmöglichkeiten und Zugriffsrechte'),('39','1-18','11','Modultests erstellen und durchführen','fPrüfen der korrekten Umsetzung der technischen Vorgaben (funktionale als auch nichtfunktionale Anforderungen, Architektur, Programmierrichtlinien) unter Einhaltung der formalen Aspekte (Feldlänge, Syntax, etc.)fFestmachen der Softwarequalität an den Kriterien ●Funktionalität●Zuverlässigkeit●Benutzbarkeit●Effizient●Wartungsfreundlichkeit●Übertragbarkeit'),('40','1-18','12','wesentliche Inhalte und Bestandteile des Ausbildungsvertrages darstellen, Rechte und Pflichten aus dem Ausbildungsvertrag feststellen und Aufgaben der Beteiligten im dualen System beschreiben','fInhalte des Ausbildungsvertrages (§ 10 f. BBiG): ●Beginn und Dauer der Ausbildung●sachliche und zeitliche Gliederung der Berufsausbildung, Dauer der täglichen Arbeitszeit●Probezeit●Vergütungs- und Urlaubsregelungen●Kündigungsbedingungen●Folgen bei Nichteinhaltung der Rechte und PflichtenfVorteile der Ausbildung im dualen System der Berufsbildungfunterschiedliche Lernorte, auf regionaler Ebene Zusammenwirken von Betrieb und Berufsschule z. B.:●Absprachen●Arbeitskreise●Abstimmung des Zeitpunkts der Vermittlung der InhaltefAufgaben von Ausbildungsbetrieb, Berufsschule und Kammern im Rahmen der BerufsausbildungfRegelungstatbestände in Ausbildungsordnung, Tarifvertrag, Ausbildungsvertrag'),('41','1-18','12','den betrieblichen Ausbildungsplan mit der Ausbildungsordnung vergleichen','fAusbildungsrahmenplan, sachliche und zeitliche GliederungfZuordnung der Lernziele des Ausbildungsrahmenplans zu den Inhalten des betrieblichen Ausbildungsplans, unter Berücksichtigung betrieblicher BesonderheitenfEinsatz- und Versetzungsplan im BetriebfRahmenplan für die berufsschulische Ausbildung'),('42','1-18','12','arbeits-, sozial- und mitbestimmungsrechtliche Vorschriften sowie für den Arbeitsbereich geltende Tarif- und Arbeitszeitregelungen beachten','fGrundsätze des Individual- und KollektivarbeitsrechtesfKenntnis der Arbeitnehmerrechte und -pflichten im BetriebfKenntnis der wesentlichen Bestimmungen aus den relevanten Rechtsgebieten: ●Berufsbildungsgesetz●Arbeitsschutzgesetz●Jugendarbeitsschutzgesetz●Arbeitsstättenverordnung, Arbeitszeitgesetz, Betriebsverfassungsgesetz●Betriebsvereinbarungen (z. B. betriebliche Arbeitszeitreglung, betriebliches Beurteilungsverfahren)●Sozialversicherung●Lohnsteuer●MutterschutzgesetzfTarifverträge (Tarifverhandlung, Arbeitgeberverband, Gewerkschaft, Arbeitskampf, Schlichtung, Tarifautonomie, Tarifbindung)'),('43','1-18','12','Positionen der eigenen Entgeltabrechnung erklären','fBrutto/NettofLohnsteuer, KirchensteuerfSozialabgabenfvermögenswirksame LeistungenfVorschuss/Zuschüssefgeldwerte Vorteile'),('44','1-18','12','Chancen und Anforderungen des lebensbegleitenden Lernens für die berufliche und persönliche Entwicklung begründen und die eigenen Kompetenzen weiterentwickeln','fErwerb von Grund- und Fachqualifikationen für Persönlichkeits- und Berufsentwicklungfberufliches Fortkommen, Aufstiegspositionen für IT-Berufe, Entwicklung und Aufstieg im Unternehmen [Kapitel 1.5]fGründe für lebensbegleitendes Lernen, z. B.:●technischer Wandel●beruflicher Aufstieg/Karriere●Arbeitsplatzsicherung●persönliche InteressenfUmgang mit Veränderungen, positive Einstellung zum Lernen, zur Weiterbildung und zur PersönlichkeitsentwicklungfReflexions- und SelbstlernfähigkeitfRegelungen und Möglichkeiten für interne und externe Weiterbildung in Betrieb und Branche, evtl. tarifvertragliche RegelungenfBildungseinrichtungen für ITfpersönliche Weiterbildung: Studium von Fachliteratur, Selbstlernmaterialien (z. B. Online-Kurse), Fachmessen'),('45','1-18','12','Lern- und Arbeitstechniken sowie Methoden des selbstgesteuerten Lernens anwenden und beruflich relevante Informationsquellen nutzen','fLerntechniken: ●visuelles Lernen, z. B. Lernposter mit Mindmaps, Schaubilder, Grafiken erstellen, Videos ansehen, eigene Zusammenfassungen und Lernkarteien schreiben●auditives Lernen, z. B. Lerngruppen bilden, Vorträge anhören, Lerninhalte aufnehmen und abspielen●kommunikatives Lernen, z. B. Dialoge, Diskussionen, Lerngruppen, Frage-Antwort-Spiele●motorisches Lernen, z. B. „learning by doing”, Rollenspiele, GruppenaktivitätenfArbeitstechniken, z. B.: ●Zeitmanagementtechniken●Moderations- und Präsentationstechniken●Arbeitsplanung- und Projektplanungstechnikenfeigene Lernstrategien passend zum eigenen Lerntyp entwickeln, verschiedene Arbeitstechniken erlernenfGestaltung eines lernförderlichen und das Lernen integrierenden ArbeitsplatzesfBeschaffung, Auswahl und Auswertung von Fachinformationenfdigitale Lernmedien nutzen und individuell bewerten, z. B.: ●Internet●Apps●Plattformen (Kommunikation, Information, Videos, Austausch)●Netzwerke●Computer Based Training (CBT)●Web Based Training (WBT)●Umgang mit mobilen Endgeräten'),('46','1-18','12','berufliche Aufstiegs- und Weiterentwicklungsmöglichkeiten darstellen','fsiehe hierzu insbesondere [Kapitel 1.5] „Karriere und Weiterbildung“fRegelungen und Möglichkeiten für interne und externe Weiterbildung in Betrieb und Branche, evtl. tarifvertragliche RegelungenfBildungseinrichtungenfAuslandsaufenthalte, z. B. mit Hilfe von EU-Förderprogrammenfpersönliche Weiterbildung: Studium von Fachliteratur, Selbstlernmaterialien, FachmessenfEntwicklung bezüglich Eigenständigkeit, Verantwortung, Reflexivität, Lernkompetenz, Team- und Führungsfähigkeit, Mitgestaltung, Kommunikation'),('47','1-18','13','die Rechtsform und den organisatorischen Aufbau des Ausbildungsbetriebes mit seinen Aufgaben und Zuständigkeiten sowie die Zusammenhänge zwischen den Geschäftsprozessen erläutern','fBranchenzugehörigkeitfTarifbindungfRechtsformfUnternehmensstruktur und OrganisationsformfArbeitnehmervertretungfProduktpalette und MärktefArbeitsabläufefAufgabenteilungfInnerbetriebliche Organisation, Abteilungen'),('48','1-18','13','Beziehungen des Ausbildungsbetriebes und seiner Beschäftigten zu Wirtschaftsorganisationen, Berufsvertretungen und Gewerkschaften nennen','fbranchenspezifische Gewerkschaften und ArbeitgeberverbändefWirtschaftsorganisationenfberufsständische Vertretungen und Organisationenfzuständige Stellen und Behörden und deren Ziele und AufgabenfOrganisationsstrukturen und Aufgaben von●Behörden und Verwaltungen●Berufsverbänden und Kammern●Gewerkschaftenfehrenamtliche Mitwirkung, z. B. Prüfungsausschuss'),('49','1-18','13','Grundlagen, Aufgaben und Arbeitsweise der betriebsverfassungsrechtlichen Organe des Ausbildungsbetriebes beschreiben','fGrundsatz der vertrauensvollen Zusammenarbeit zwischen Arbeitgeber- und Arbeitnehmervertretern als Inhalt des BetriebsverfassungsgesetzesfBetriebsrat, Jugend- und Auszubildendenvertreter und deren Informations-, Beratungs- und Mitbestimmungsrechte, Betriebsvereinbarungen bzw. Personalvertretung auf Grundlage des Personalvertretungsgesetzes'),('50','1-18','14','Gefährdung von Sicherheit und Gesundheit am Arbeitsplatz feststellen und Maßnahmen zur Vermeidung der Gefährdung ergreifen','fGesundheits- und Arbeitsschutzvorschriften:●Arbeitsschutzgesetz●Arbeitssicherheitsgesetz●Arbeitszeitgesetz●Betriebssicherheitsverordnung●ArbeitsstättenverordnungfGefährdungen und Beanspruchungen wahrnehmen und einschätzen: mechanisch, elektrisch, thermisch, chemisch, ergonomisch, akustisch, psychischfGefahren beachten und ggf. meldenfSicherheitshinweise,  Vorschriften  und Anweisungen beachtenfbesondere Fürsorgepflicht des ArbeitgebersfErsthelfer am ArbeitsplatzfAufgaben der Sicherheitsbeauftragtenfergonomische Arbeitsplatzgestaltung,fVorsorgeuntersuchungen, z. B. Augenuntersuchung für Bildschirmarbeitsplätze, psychische GefährdungsbeurteilungfSensibilität gegenüber Gesundheits- und Sicherheitsgefährdungen auch während des Einsatzes in fremden Bereichen, z. B. IT-Betreuung in Produktionsbereichen'),('51','1-18','14','berufsbezogene Arbeitsschutz- und Unfallverhütungsvorschriften anwenden','fVorschriften im betrieblichen und persönlichen Arbeitsablauf anwendenfsachgerechter Umgang mit Gefahrenpotenzialenfregelmäßige Reflexion über Gefahren durch RoutinefErfolgsfaktoren zur langfristigen physiologischen und psychischen Gesunderhaltungfallgemeine und betriebliche Verhaltensregeln, Wissen über Fluchtwege, Erste Hilfe, Notrufnummern, Notausgänge (Kennzeichnung), Sammelplätzefim Gebäude/am Arbeitsplatz: Brandschutzmittel, Feuerlöscher (Standort, Bedienungsanleitung, Wirkungsweise)'),('52','1-18','14','Verhaltensweisen bei Unfällen beschreiben sowie erste Maßnahmen einleiten','fErste-Hilfe-MaßnahmenfErsthelfer, Notruf- und Notfallnummern,fMeldekettenfFluchtwege und SammelplätzefEvakuierung und DokumentationfMeldepflicht von Unfällen'),('53','1-18','14','Vorschriften des vorbeugenden Brandschutzes anwenden sowie Verhaltensweisen bei Bränden beschreiben und Maßnahmen zur Brandbekämpfung ergreifen','fBrandursachen durch brennbare Stoffe und Hitzeentwicklung, z. B. nicht ausgeschaltete Heißwasserkocher und KaffeemaschinenfBrandschutzordnungfVerhalten in Brandfällen, z. B. Verbot zur Fahrstuhlnutzung, Schließen von Türen und Fensternfim Gebäude/am Arbeitsplatz: Brandschutzmittel, Feuerlöscher (Standort, Bedienungsanleitung, Wirkungsweise), LöschdeckenfSammelplätze'),('54','1-18','15','mögliche Umweltbelastungen durch den Ausbildungsbetrieb und seinen Beitrag zum Umweltschutz an Beispielen erklären','fUmweltbelastungen wahrnehmen und vermeiden oder mindestens abmildern, z.B. durch Lärm, Schmutz: Abluft, Abwasser, gefährdende Stoffefspezifische Risiken der IT-Prozesse sowie von IT-beteiligten Prozessen, z. B. USV-Anlagen frationelle Energie- und Ressourcenverwendung (unnötige Gerätelaufzeiten vermeiden, Umgang mit Speicher- und Printmedien)fWiederverwertung (Recycling)fAbfalltrennung und -vermeidungfSensibilität für Umweltbelastungen auch in peripheren Arbeitsbereichen'),('55','1-18','15','für den Ausbildungsbetrieb geltende Regelungen des Umweltschutzes anwenden','fUmgang mit Abfällen, insbesondere branchenspezifischen, z. B.  Erfassung, Lagerung und Entsorgung von z. B. Datenträgern oder KabelnfTeilnahme am Dualen System im Hinblick auf VerpackungsentsorgungfImmissionsschutzgesetz, technische Anleitungen, z. B. zu Lärm, Luft, Abfallfim Rahmen von Nachhaltigkeit sind auch Auswirkungen auf Umwelt, Pflanzen, Tiere, Lebensräume zu reflektieren'),('56','1-18','15','Möglichkeiten der wirtschaftlichen und umweltschonenden Energie- und Materialverwendung nutzen','fenergie- und materialsparendes Gestalten und Implementieren von Software sowie intelligente Datennutzung (insbesondere bei prozessübergreifenden Anlagen und Systemen)fBerücksichtigen wirtschaftlicher Nachhaltigkeit bereits bei Einkauf und Lieferantenauswahlfsparsamer und effektiver Umgang mit Roh-, Hilfs- und Betriebsstoffen (ggf. erforderliche Kennzeichnung und getrennte Lagerung beachten)fRessourcenverbrauch und Umweltschutz in Kombination denken, z. B. Nutzung von Strom aus regenerativen Quellenfachtsamer Umgang mit Wärme, Klima und BeleuchtungfVermeidung von Leckagen, z. B. offene Fenster bei aktiver Klimatisierung'),('57','1-18','15','Abfälle vermeiden sowie Stoffe und Materialien einer umweltschonenden Entsorgung zuführen','fAbfallvermeidung und -reduzierung, z. B. Mehrweg in Abhängigkeit der jeweiligen BetriebsbereichefReststoffe und Abfälle kennzeichnen, getrennt lagern, verwerten und entsorgenfRechtsfolgen bei Nichteinhaltung, Vorschuss, Zuschüsse'),('58','1-18','16','gegenseitige Wertschätzung unter Berücksichtigung gesellschaftlicher Vielfalt bei betrieblichen Abläufen praktizieren','fInterdisziplinarität, InterkulturalitätfBewusstsein, dass unterschiedliche Meinungen und Darstellungen vielfach aus der Ausführung unterschiedlicher betrieblicher Disziplinen resultieren (Inter- und Multidisziplinarität)fFähigkeit, effektiv, integer und respektvoll mit verschiedenen Teams zusammenzuarbeitenfWin-win-Lösungen anstrebenfFlexibilität und Bereitschaft zeigen, hilfreiche Kompromisse zu schließen, um ein gemeinsames Ziel zu erreichenfÜbernahme gemeinsamer Verantwortung für die Zusammenarbeit und Wertschätzung der einzelnen Beiträge jedes TeammitgliedsfUnternehmenswerte beachten und betriebliche Ethikregeln anwenden'),('59','1-18','16','Strategien zum verantwortungsvollen Umgang mit digitalen Medien anwenden und im virtuellen Raum unter Wahrung der Persönlichkeitsrechte Dritter zusammenarbeiten','finformationstechnische Schutzziele: Integrität, Vertraulichkeit und Authentizität berücksichtigenfStandards des BSI beachten und einhaltenfbetriebliche Regelungen kennen und beachtenfReflexion von Erfahrungen in virtuellen Räumen'),('60','1-18','16','insbesondere bei der Speicherung, Darstellung und Weitergabe digitaler Inhalte die Auswirkungen des eigenen Kommunikations- und Informationsverhaltens berücksichtigen','finformationstechnische Schutzziele: Verfügbarkeit, Integrität, Vertraulichkeit und Authentizität berücksichtigenfim Umgang mit Kommunikation und Information Zuständigkeitsabgrenzung verdeutlichenfNachrichten und Inhalte auch aus Sicht der Empfänger betrachtenfsensibler Umgang mit Adressatenlisten in der digitalen Kommunikationfdie möglichen (auch juristischen) Konsequenzen von Äußerungen über den eigenen Arbeitgeber in sozialen Netzwerken berücksichtigen'),('61','1-18','16','bei der Beurteilung, Entwicklung, Umsetzung und Betreuung von IT-Lösungen ethische Aspekte reflektieren','f„Diversity“ gewährleisten und unterschiedliche Perspektiven und Befindlichkeiten berücksichtigen fGender-Neutralität gewährleisten, aber auch z.B. das dritte Geschlecht berücksichtigenfim Zentrum ethischer Aspekte steht die Würde aller Menschen sowie deren Integrität – diese ist für alle direkt und indirekt Betroffenen der IT-Lösungen kurz-, mittel- und langfristig zu gewährleistenfReflexion der Auswirkungen auf alles Lebendige (Umwelt, Pflanzen, Tiere, Lebensräume)fBerücksichtigung betrieblicher Compliance-Regelungen'),('62','19-36','0','-','-'),('63','19-36','1','Gespräche situationsgerecht führen und Kunden und Kundinnen unter Berücksichtigung der Kundeninteressen beraten','fAnwenden von Kommunikations- und ArgumentationstechnikenfKundengespräche strukturiert vorbereiten, durchführen und nachbereiten'),('64','19-36','1','Kundenbeziehungen unter Beachtung rechtlicher Regelungen und betrieblicher Grundsätze gestalten','fkonsequente Kundenausrichtung und systematische Gestaltung der Kundenbeziehungsprozesse („Relationship Marketing“)fDokumentation und Verwaltung von Kundenbeziehungen („Customer Relationship Management“)fBerücksichtigung der geltenden Compliance-Regelungen, Ethik'),('65','19-36','1','Daten und Sachverhalte interpretieren, multimedial aufbereiten und situationsgerecht unter Nutzung digitaler Werkzeuge und unter Berücksichtigung der betrieblichen Vorgaben präsentieren','fAnwendung und Einarbeitung in marktübliche PräsentationssoftwarefVor- und Nachbereitung einer PräsentationfElemente einer Präsentation beherrschen, z. B.:●Visualisierungsregeln●FarbwirkungfRhetorikgrundlagen, z. B.:●Atem- und Sprechtechnik●Rede- und Vortragstechnik'),('66','19-36','2','technologische Entwicklungstrends von IT-Systemen feststellen sowie ihre wirtschaftlichen, sozialen und beruflichen Auswirkungen aufzeigen','fIdentifikation von Trends unter Berücksichtigung von Such- und InnovationsfeldernfBeschaffen von Informationen über Auswirkungen auf das eigene Unternehmen, die Branche und die GesellschaftfMaßnahmen zur aktiven Information durch Newsfeeds oder Newsletter einleiten'),('67','19-36','2','Veränderungen von Einsatzfeldern für IT-Systeme aufgrund technischer, wirtschaftlicher und gesellschaftlicher Entwicklungen feststellen','fNutzen geeigneter Informationsquellen, z. B. Fachmessen, Fachforen im Internet, um neue Trends und Einsatzfelder wahrzunehmen fAnwendung von IT-Systemen auf neue Einsatzgebiete prüfen'),('68','19-36','3','systematisch Fehler erkennen, analysieren und beheben','fübergeordneter Problemlösungsprozess1. Problemverständnis und -beschreibung (Define)2. Problemanalyse und Ursachensuche (Measure)3. Lösungssuche und -auswahl (Analyse)4. Lösungsrealisierung und -bewertung (Improve)5. Überprüfung der Wirksamkeit (Control)fverschiedene Methoden, insbesondere in den Stadien „Ursachensuche“ und „Analysieren“, kennen und anwenden, z. B.:Ursachensuche:●6-W-Fragetechnik●Störungsmatrix●Histogramm●Verlaufsdiagramm●Korrelationsdiagramm,Analysieren:●Brainstroming/-writing●Flussdiagramm●Ishikawa-Diagramm●Variablenvergleich●Messsystemanalyse●Komponententausch●Einsatz von DebuggernfLösungsrealisierung bzw. Fehlerbehebung selbst vornehmen oder veranlassen und begleitenfGrundlagen/Methoden des Qualitätsmanagements und einer vorbeugenden Qualitätssicherung bei IT-Systemen kennen und anwenden'),('69','19-36','3','Algorithmen formulieren und Anwendungen in einer Programmiersprache erstellen','fAlgorithmus: präzise (eigentlich von IT-Systemen unabhängige) Formulierung einer Verarbeitungsvorschriftfgrundlegende Algorithmen kennen, eigene Algorithmen auch programmiersprachenfrei formulieren und zur Lösung von Problemen, z. B. in einem IT-System bzw. einer Softwareanwendung einsetzenfEntwickeln und Darstellen von Programmlogiken unabhängig von der Programmiersprache, z.B. mithilfe von Struktogrammen nach Nassi-Shneidermann sowie Strukturdiagrammen und Verhaltensdiagrammen aus der UMLfErstellen von Spezifikationen von Daten- und Programmstrukturen auf angemessenem AbstraktionsniveaufNutzung von Prinzipien einer systematischen Programmierung nutzen (Strukturierung, Modularisierung, Mehrfachverwendung, Standardisierung) fBeachten von Qualitätskriterien beim Programmieren (Korrektheit, Robustheit, Performanz, Wartbarkeit, Energieeffizienz) mit branchentypischen Werkzeugen, Editoren, Entwicklungsumgebungen'),('70','19-36','3','Datenbankmodelle unterscheiden, Daten organisieren und speichern sowie Abfragen erstellen','fverschiedene Datenbankmodelle, z. B.:●hierarchisches Modell●Entity-Relationship-Modell●semantische Datenmodelle●objektorientierte Datenmodelle,als theoretische Grundlage für eine Datenbank kennen und nach Einsatzszenario unterscheidenfPhasen der Datenbankentwicklung kennen und anwenden 1. externe Phase (Informationsbeschaffung) 2. konzeptionelle Phase (Semantisches Modell) 3. logische Phase (Datenmodell) 4. physische Phase (Datenbankschema)fBasiswissen zu verschiedenen Datenbankarchitekturen fGrundlagen der Datenmodellierung anwenden, z. B.:●Entitäten●Relationsbeziehungen●Normalisierung●IdentifikationsschlüsselfSQL als normierte Sprache für die weit verbreiteten relationalen Datenbanken zum Bearbeiten (Einfügen, Verändern, Löschen) und Abfragen von darauf basierenden Datenbeständen anwenden'),('71','19-36','4','Ursachen von Qualitätsmängeln systematisch feststellen, beseitigen und dokumentieren','fQualitätsplanung (Ist-Zustand ermitteln und Ziel-Zustand festlegen)fQualitätslenkung (Umsetzung der Planphase)fverschiedene Prüfverfahren kennen und bewerten, z. B. auf Parität, RedundanzfGrundkenntnisse in der Stochastik (Berechnung von Wahrscheinlichkeiten bei Qualitätsmängeln)'),('72','19-36','4','im Rahmen eines Verbesserungsprozesses die Zielerreichung kontrollieren, insbesondere einen Soll-Ist-Vergleich durchführen','fQualitätssicherung (Auswertung relevanter Informationen)fQualitätsgewinn (weitere Umsetzung und Mitteilen der gewonnenen Informationen an die betroffenen Stellen)fQualitätsmanagement als selbstreferenziellen Prozess begreifen (die Verfahren zur Verbesserung lassen sich auch auf den Qualitätsmanagementprozess selbst anwenden)'),('73','19-36','5','Bedrohungsszenarien erkennen und Schadenspotenziale unter Berücksichtigung wirtschaftlicher und technischer Kriterien einschätzen','funterschiedliche Gefahrenquellen, z. B.:●Stromausfall●Überhitzung●Virenbefallfgeeignete Gegenmaßnahmen, z. B.:●USV-Anlagen●Klimageräte●FirewallsAusbildung Gestalten  | Fachinformatiker/Fachinformatikerin40Lfd.Nr.Teil des Ausbildungsberufsbildes/ zu vermittelnde Fertigkeiten, Kenntnisse und FähigkeitenZeitliche Richtwerte in Wochen imErläuterungen1.–18. Monat19.–36. Monatffür jede Anwendung und die verarbeiteten Informationen: Betrachtung zu erwartender Schäden, die bei einer Beeinträchtigung von Vertraulichkeit, Integrität oder Verfügbarkeit entstehen könntenfrealistische Einschätzung von FolgeschädenfEinteilung in die drei Schutzbedarfskategorien „normal“, „hoch“ und „sehr hoch“ (analog IT-Grundschutz des BSI)'),('74','19-36','5','Kunden und Kundinnen im Hinblick auf Anforderungen an die IT-Sicherheit und an den Datenschutz beraten','fInformationspflichten zu:●Produkten●Namens- und Markenrecht●Urheber- und Nutzungsrecht●Persönlichkeitsrecht●unlauterer WettbewerbfIT-Sicherheitsregeln fverschiedene IT-SicherheitszertifizierungenfBundesamt für Sicherheit in der Informationstechnik (BSI) als Informationsplattform fDatenschutzgrundverordnung (DSGVO)fBasis-Sicherheitscheck für schnellen Überblick über das vorhandene IT-Sicherheitsniveau, z. B. als Soll/Ist-Abgleich der noch fehlenden Maßnahmen oder Interviews über den Status quo eines bestehenden Informationsverbundesfergänzende Sicherheitsanalyse mit Risikoanalyse (BSI-Standards 100-3)'),('75','19-36','5','Wirksamkeit und Effizienz der umgesetzten Maßnahmen zur IT-Sicherheit und zum Datenschutz prüfen','fSicherheitstest einzelner Rechner oder Netzwerke jeglicher Größe, z. B. durch Penetrationstest (auch Social-Engineering-Penetrationstest) gem. Klassifikationsschema des BSIfDurchführung in einem fünfstufigen Prozess:●Vorbereitungsphase●Informationsbeschaffung●Bewertung der Informationen●Versuch des aktiven Eindringens●Auswertung der Ergebnissefmögliche Software, Portscanner, Sniffer, Paketgeneratoren, Passwortcracker, Verbindungsinterceptoren, Vulnerability Scanner etc. (siehe auch Open Vulnerability Assessment System – OpenVAS - unterstützt durch das BSI)'),('76','19-36','6','-','-'),('77','19-36','7','Störungsmeldungen   aufnehmen und analysieren sowie Maßnahmen zur Störungsbeseitigung ergreifen','fAuswerten, Dokumentieren und Weiterleiten von Informationen und StörungsmeldungenfErgreifen von Maßnahmen zur Problembeseitigung und ggf. fachlicher Austausch mit Systemlieferantenfggf. Weiterleitung zur jeweiligen Fachabteilung oder Systemspezialisten'),('78','19-36','7','Dokumentationen   zielgruppengerecht und barrierefrei anfertigen, bereitstellen und pflegen, insbesondere technische Dokumentationen, System- sowie Benutzerdokumentationen','fErstellen und Erweitern von Handbüchern für Benutzer und Systembetreuer fBerücksichtigung der Komplexität und Verständlichkeit bei der Nutzung von Herstellerdokumentationen zur Bereitstellung für den Anwender'),('79','19-36','8','Sicherheitsmechanismen, insbesondere Zugriffsmöglichkeiten und -rechte, festlegen und implementieren','fImplementierung und Inbetriebnahme des Zugriffs auf lokale und vernetzte Speicherlösungen sowie vernetzten Systemen, z. B.:●SAN●NAS fBerücksichtigung der Organisationsstrukturen im Unternehmen unter Beachtung von örtlichen Vorgaben'),('80','19-36','8','Speicherlösungen, insbesondere Datenbanksysteme, integrieren','fBerücksichtigung vorhandener Datenbank- und Speicherkonzepte bei der Integration und Erweiterung von BestandssystemenfInbetriebnahme von Speicherlösungen und Integration von Datenbanksystemen'),('81','19-36','9','Teilaufgaben von IT-Systemen automatisieren','fwiederkehrende Systemabläufe automatisieren und überwachenfherstellerabhängige Skriptbausteine und -sprachen anwenden, z. B.:●Linux ●PowerShellfBerücksichtigung anwendungsspezifischer Möglichkeiten, z. B. MakrosprachefOptmieren und Automatisieren lokaler und netzwerkübergreifender Aufgaben'),('82','19-36','10','Anwendungslösungen unter Berücksichtigung der bestehenden Systemarchitektur entwerfen und realisieren','fRechnerarchitektur●CPU●BUS●Speicher und deren AdressierungfSoftwarearchitektur●Webservice●Microservices●Model View Controller (MVC)●Model View Presenter (MVP)●Model-View-ViewModel (MVVM)●Service Oriented Architecture (SOA)fverteilte Anwendungen●Webservices●Microservices●Client-Server●CloudfBerücksichtigung bestehender Systeme und Altsysteme'),('83','19-36','10','bestehende Anwendungslösungen anpassen','fAnpassung aufgrund kundenspezifischer Anforderungen fAnpassung bzw. Weiterentwicklung bestehender Software an eine neue Umgebung'),('84','19-36','10','Datenaustausch zwischen Systemen realisieren und unterschiedliche Datenquellen nutzen','fDefinieren und Modellieren von Datenbankstrukturen, z. B.:●Entity-Relationship-Modell●NormalisierungfErstellen einfacher Abfragen von Datenquellen unter Verwendung einer Abfragesprache, z. B.:●CREATE●ALTER●DROP●RENAME●SELECT●INSERT INTOfBeachten von Schnittstellen zu weiteren SystemenfDatenquellen: nicht nur relationelle und schemafreie Datenbanken wie MySQL, MsSQL und MongoDB, sondern auch z. B. Sensoren, CSV-Dateien'),('85','19-36','10','komplexe Abfragen aus unterschiedlichen Datenquellen durchführen und Datenbestandsberichte erstellen','fkomplexe Abfragen, z. B.:●SELECT ...FROM ....WHERE ●SELECT ...FROM ....WHERE... AND oder OR●SELECT ...FROM ....ORDER BY    ASC oder DESC●SELECT DISTINCT FROM ......●JOIN........ ●UPDATE....SET ●DESCRIBE.....●SHOW DATABASES ●SubqueriesfNutzung von Aggregatsfunktionen, z. B.:●COUNT●SUM●AVG'),('86','19-36','11','Werkzeuge zur Versionsverwaltung einsetzen','fNutzen und Anwenden einschlägiger Systeme, z. B. GitfFunktionen, z. B.:●Commit●Revert●Branch●Merge●Cherry-Pick●Pull/Push'),('87','19-36','11','Testkonzepte erstellen und Tests durchführen sowie Testergebnisse bewerten und dokumentieren','fDefinieren von anwendungsgerechten Tests, z.B.:●Blackbox-Test●Whitebox-Test●Funktionstest●Modultest●KlassentestfDefinition der Inhalte eines Tests, z. B.:●Testkonzepte●Testdaten●TestszenariofBeschreiben des Testumfangs, z. B.:●Grenzbelastung●StabilitätfAuswerten von Testergebnissen, z. B. Soll-Ist-Vergleich'),('88','19-36','11','Daten und Sachverhalte aus Tests multimedial aufbereiten und situationsgerecht unter Nutzung digitaler Werkzeuge und unter Beachtung der betrieblichen Vorgaben präsentieren','fPräsentieren von Sachverhalten (auch softwarebasiert) unter Berücksichtigung von z.B.:●Gestaltungsgrundsätzen nach Kundenvorgaben●Dateiformaten'),('89','19-36','12','wesentliche Inhalte und Bestandteile des Ausbildungsvertrages darstellen, Rechte und Pflichten aus dem Ausbildungsvertrag feststellen und Aufgaben der Beteiligten im dualen System beschreiben','fInhalte des Ausbildungsvertrages (§ 10 f. BBiG): ●Beginn und Dauer der Ausbildung●sachliche und zeitliche Gliederung der Berufsausbildung, Dauer der täglichen Arbeitszeit●Probezeit●Vergütungs- und Urlaubsregelungen●Kündigungsbedingungen●Folgen bei Nichteinhaltung der Rechte und PflichtenfVorteile der Ausbildung im dualen System der Berufsbildungfunterschiedliche Lernorte, auf regionaler Ebene Zusammenwirken von Betrieb und Berufsschule z. B.:●Absprachen●Arbeitskreise●Abstimmung des Zeitpunkts der Vermittlung der InhaltefAufgaben von Ausbildungsbetrieb, Berufsschule und Kammern im Rahmen der BerufsausbildungfRegelungstatbestände in Ausbildungsordnung, Tarifvertrag, Ausbildungsvertrag'),('90','19-36','12','den betrieblichen Ausbildungsplan mit der Ausbildungsordnung vergleichen','fAusbildungsrahmenplan, sachliche und zeitliche GliederungfZuordnung der Lernziele des Ausbildungsrahmenplans zu den Inhalten des betrieblichen Ausbildungsplans, unter Berücksichtigung betrieblicher BesonderheitenfEinsatz- und Versetzungsplan im BetriebfRahmenplan für die berufsschulische Ausbildung'),('91','19-36','12','arbeits-, sozial- und mitbestimmungsrechtliche Vorschriften sowie für den Arbeitsbereich geltende Tarif- und Arbeitszeitregelungen beachten','fGrundsätze des Individual- und KollektivarbeitsrechtesfKenntnis der Arbeitnehmerrechte und -pflichten im BetriebfKenntnis der wesentlichen Bestimmungen aus den relevanten Rechtsgebieten: ●Berufsbildungsgesetz●Arbeitsschutzgesetz●Jugendarbeitsschutzgesetz●Arbeitsstättenverordnung, Arbeitszeitgesetz, Betriebsverfassungsgesetz●Betriebsvereinbarungen (z. B. betriebliche Arbeitszeitreglung, betriebliches Beurteilungsverfahren)●Sozialversicherung●Lohnsteuer●MutterschutzgesetzfTarifverträge (Tarifverhandlung, Arbeitgeberverband, Gewerkschaft, Arbeitskampf, Schlichtung, Tarifautonomie, Tarifbindung)'),('92','19-36','12','Positionen der eigenen Entgeltabrechnung erklären','fBrutto/NettofLohnsteuer, KirchensteuerfSozialabgabenfvermögenswirksame LeistungenfVorschuss/Zuschüssefgeldwerte Vorteile'),('93','19-36','12','Chancen und Anforderungen des lebensbegleitenden Lernens für die berufliche und persönliche Entwicklung begründen und die eigenen Kompetenzen weiterentwickeln','fErwerb von Grund- und Fachqualifikationen für Persönlichkeits- und Berufsentwicklungfberufliches Fortkommen, Aufstiegspositionen für IT-Berufe, Entwicklung und Aufstieg im Unternehmen [Kapitel 1.5]fGründe für lebensbegleitendes Lernen, z. B.:●technischer Wandel●beruflicher Aufstieg/Karriere●Arbeitsplatzsicherung●persönliche InteressenfUmgang mit Veränderungen, positive Einstellung zum Lernen, zur Weiterbildung und zur PersönlichkeitsentwicklungfReflexions- und SelbstlernfähigkeitfRegelungen und Möglichkeiten für interne und externe Weiterbildung in Betrieb und Branche, evtl. tarifvertragliche RegelungenfBildungseinrichtungen für ITfpersönliche Weiterbildung: Studium von Fachliteratur, Selbstlernmaterialien (z. B. Online-Kurse), Fachmessen'),('94','19-36','12','Lern- und Arbeitstechniken sowie Methoden des selbstgesteuerten Lernens anwenden und beruflich relevante Informationsquellen nutzen','fLerntechniken: ●visuelles Lernen, z. B. Lernposter mit Mindmaps, Schaubilder, Grafiken erstellen, Videos ansehen, eigene Zusammenfassungen und Lernkarteien schreiben●auditives Lernen, z. B. Lerngruppen bilden, Vorträge anhören, Lerninhalte aufnehmen und abspielen●kommunikatives Lernen, z. B. Dialoge, Diskussionen, Lerngruppen, Frage-Antwort-Spiele●motorisches Lernen, z. B. „learning by doing”, Rollenspiele, GruppenaktivitätenfArbeitstechniken, z. B.: ●Zeitmanagementtechniken●Moderations- und Präsentationstechniken●Arbeitsplanung- und Projektplanungstechnikenfeigene Lernstrategien passend zum eigenen Lerntyp entwickeln, verschiedene Arbeitstechniken erlernenfGestaltung eines lernförderlichen und das Lernen integrierenden ArbeitsplatzesfBeschaffung, Auswahl und Auswertung von Fachinformationenfdigitale Lernmedien nutzen und individuell bewerten, z. B.: ●Internet●Apps●Plattformen (Kommunikation, Information, Videos, Austausch)●Netzwerke●Computer Based Training (CBT)●Web Based Training (WBT)●Umgang mit mobilen Endgeräten'),('95','19-36','12','berufliche Aufstiegs- und Weiterentwicklungsmöglichkeiten darstellen','fsiehe hierzu insbesondere [Kapitel 1.5] „Karriere und Weiterbildung“fRegelungen und Möglichkeiten für interne und externe Weiterbildung in Betrieb und Branche, evtl. tarifvertragliche RegelungenfBildungseinrichtungenfAuslandsaufenthalte, z. B. mit Hilfe von EU-Förderprogrammenfpersönliche Weiterbildung: Studium von Fachliteratur, Selbstlernmaterialien, FachmessenfEntwicklung bezüglich Eigenständigkeit, Verantwortung, Reflexivität, Lernkompetenz, Team- und Führungsfähigkeit, Mitgestaltung, Kommunikation'),('96','19-36','13','die Rechtsform und den organisatorischen Aufbau des Ausbildungsbetriebes mit seinen Aufgaben und Zuständigkeiten sowie die Zusammenhänge zwischen den Geschäftsprozessen erläutern','fBranchenzugehörigkeitfTarifbindungfRechtsformfUnternehmensstruktur und OrganisationsformfArbeitnehmervertretungfProduktpalette und MärktefArbeitsabläufefAufgabenteilungfInnerbetriebliche Organisation, Abteilungen'),('97','19-36','13','Beziehungen des Ausbildungsbetriebes und seiner Beschäftigten zu Wirtschaftsorganisationen, Berufsvertretungen und Gewerkschaften nennen','fbranchenspezifische Gewerkschaften und ArbeitgeberverbändefWirtschaftsorganisationenfberufsständische Vertretungen und Organisationenfzuständige Stellen und Behörden und deren Ziele und AufgabenfOrganisationsstrukturen und Aufgaben von●Behörden und Verwaltungen●Berufsverbänden und Kammern●Gewerkschaftenfehrenamtliche Mitwirkung, z. B. Prüfungsausschuss'),('98','19-36','13','Grundlagen, Aufgaben und Arbeitsweise der betriebsverfassungsrechtlichen Organe des Ausbildungsbetriebes beschreiben','fGrundsatz der vertrauensvollen Zusammenarbeit zwischen Arbeitgeber- und Arbeitnehmervertretern als Inhalt des BetriebsverfassungsgesetzesfBetriebsrat, Jugend- und Auszubildendenvertreter und deren Informations-, Beratungs- und Mitbestimmungsrechte, Betriebsvereinbarungen bzw. Personalvertretung auf Grundlage des Personalvertretungsgesetzes'),('99','19-36','14','Gefährdung von Sicherheit und Gesundheit am Arbeitsplatz feststellen und Maßnahmen zur Vermeidung der Gefährdung ergreifen','fGesundheits- und Arbeitsschutzvorschriften:●Arbeitsschutzgesetz●Arbeitssicherheitsgesetz●Arbeitszeitgesetz●Betriebssicherheitsverordnung●ArbeitsstättenverordnungfGefährdungen und Beanspruchungen wahrnehmen und einschätzen: mechanisch, elektrisch, thermisch, chemisch, ergonomisch, akustisch, psychischfGefahren beachten und ggf. meldenfSicherheitshinweise,  Vorschriften  und Anweisungen beachtenfbesondere Fürsorgepflicht des ArbeitgebersfErsthelfer am ArbeitsplatzfAufgaben der Sicherheitsbeauftragtenfergonomische Arbeitsplatzgestaltung,fVorsorgeuntersuchungen, z. B. Augenuntersuchung für Bildschirmarbeitsplätze, psychische GefährdungsbeurteilungfSensibilität gegenüber Gesundheits- und Sicherheitsgefährdungen auch während des Einsatzes in fremden Bereichen, z. B. IT-Betreuung in Produktionsbereichen'),('100','19-36','14','berufsbezogene Arbeitsschutz- und Unfallverhütungsvorschriften anwenden','fVorschriften im betrieblichen und persönlichen Arbeitsablauf anwendenfsachgerechter Umgang mit Gefahrenpotenzialenfregelmäßige Reflexion über Gefahren durch RoutinefErfolgsfaktoren zur langfristigen physiologischen und psychischen Gesunderhaltungfallgemeine und betriebliche Verhaltensregeln, Wissen über Fluchtwege, Erste Hilfe, Notrufnummern, Notausgänge (Kennzeichnung), Sammelplätzefim Gebäude/am Arbeitsplatz: Brandschutzmittel, Feuerlöscher (Standort, Bedienungsanleitung, Wirkungsweise)'),('101','19-36','14','Verhaltensweisen bei Unfällen beschreiben sowie erste Maßnahmen einleiten','fErste-Hilfe-MaßnahmenfErsthelfer, Notruf- und Notfallnummern,fMeldekettenfFluchtwege und SammelplätzefEvakuierung und DokumentationfMeldepflicht von Unfällen'),('102','19-36','14','Vorschriften des vorbeugenden Brandschutzes anwenden sowie Verhaltensweisen bei Bränden beschreiben und Maßnahmen zur Brandbekämpfung ergreifen','fBrandursachen durch brennbare Stoffe und Hitzeentwicklung, z. B. nicht ausgeschaltete Heißwasserkocher und KaffeemaschinenfBrandschutzordnungfVerhalten in Brandfällen, z. B. Verbot zur Fahrstuhlnutzung, Schließen von Türen und Fensternfim Gebäude/am Arbeitsplatz: Brandschutzmittel, Feuerlöscher (Standort, Bedienungsanleitung, Wirkungsweise), LöschdeckenfSammelplätze'),('103','19-36','15','mögliche Umweltbelastungen durch den Ausbildungsbetrieb und seinen Beitrag zum Umweltschutz an Beispielen erklären','fUmweltbelastungen wahrnehmen und vermeiden oder mindestens abmildern, z.B. durch Lärm, Schmutz: Abluft, Abwasser, gefährdende Stoffefspezifische Risiken der IT-Prozesse sowie von IT-beteiligten Prozessen, z. B. USV-Anlagen frationelle Energie- und Ressourcenverwendung (unnötige Gerätelaufzeiten vermeiden, Umgang mit Speicher- und Printmedien)fWiederverwertung (Recycling)fAbfalltrennung und -vermeidungfSensibilität für Umweltbelastungen auch in peripheren Arbeitsbereichen'),('104','19-36','15','für den Ausbildungsbetrieb geltende Regelungen des Umweltschutzes anwenden','fUmgang mit Abfällen, insbesondere branchenspezifischen, z. B.  Erfassung, Lagerung und Entsorgung von z. B. Datenträgern oder KabelnfTeilnahme am Dualen System im Hinblick auf VerpackungsentsorgungfImmissionsschutzgesetz, technische Anleitungen, z. B. zu Lärm, Luft, Abfallfim Rahmen von Nachhaltigkeit sind auch Auswirkungen auf Umwelt, Pflanzen, Tiere, Lebensräume zu reflektieren'),('105','19-36','15','Möglichkeiten der wirtschaftlichen und umweltschonenden Energie- und Materialverwendung nutzen','fenergie- und materialsparendes Gestalten und Implementieren von Software sowie intelligente Datennutzung (insbesondere bei prozessübergreifenden Anlagen und Systemen)fBerücksichtigen wirtschaftlicher Nachhaltigkeit bereits bei Einkauf und Lieferantenauswahlfsparsamer und effektiver Umgang mit Roh-, Hilfs- und Betriebsstoffen (ggf. erforderliche Kennzeichnung und getrennte Lagerung beachten)fRessourcenverbrauch und Umweltschutz in Kombination denken, z. B. Nutzung von Strom aus regenerativen Quellenfachtsamer Umgang mit Wärme, Klima und BeleuchtungfVermeidung von Leckagen, z. B. offene Fenster bei aktiver Klimatisierung'),('106','19-36','15','Abfälle vermeiden sowie Stoffe und Materialien einer umweltschonenden Entsorgung zuführen','fAbfallvermeidung und -reduzierung, z. B. Mehrweg in Abhängigkeit der jeweiligen BetriebsbereichefReststoffe und Abfälle kennzeichnen, getrennt lagern, verwerten und entsorgenfRechtsfolgen bei Nichteinhaltung, Vorschuss, Zuschüsse'),('107','19-36','16','-','-');
/*!40000 ALTER TABLE `ability` ENABLE KEYS */;
UNLOCK TABLES;

--
-- Table structure for table `ability_implementation`
--

DROP TABLE IF EXISTS `ability_implementation`;
/*!40101 SET @saved_cs_client     = @@character_set_client */;
/*!50503 SET character_set_client = utf8mb4 */;
CREATE TABLE `ability_implementation` (
  `abilityId` varchar(16) DEFAULT NULL,
  `projectId` varchar(16) DEFAULT NULL
) ENGINE=InnoDB DEFAULT CHARSET=utf8mb4 COLLATE=utf8mb4_0900_ai_ci;
/*!40101 SET character_set_client = @saved_cs_client */;

--
-- Dumping data for table `ability_implementation`
--

LOCK TABLES `ability_implementation` WRITE;
/*!40000 ALTER TABLE `ability_implementation` DISABLE KEYS */;
/*!40000 ALTER TABLE `ability_implementation` ENABLE KEYS */;
UNLOCK TABLES;

--
-- Table structure for table `completed_ability`
--

DROP TABLE IF EXISTS `completed_ability`;
/*!40101 SET @saved_cs_client     = @@character_set_client */;
/*!50503 SET character_set_client = utf8mb4 */;
CREATE TABLE `completed_ability` (
  `abilityId` varchar(16) DEFAULT NULL,
  `traineeId` varchar(16) DEFAULT NULL
) ENGINE=InnoDB DEFAULT CHARSET=utf8mb4 COLLATE=utf8mb4_0900_ai_ci;
/*!40101 SET character_set_client = @saved_cs_client */;

--
-- Dumping data for table `completed_ability`
--

LOCK TABLES `completed_ability` WRITE;
/*!40000 ALTER TABLE `completed_ability` DISABLE KEYS */;
/*!40000 ALTER TABLE `completed_ability` ENABLE KEYS */;
UNLOCK TABLES;

--
-- Table structure for table `project`
--

DROP TABLE IF EXISTS `project`;
/*!40101 SET @saved_cs_client     = @@character_set_client */;
/*!50503 SET character_set_client = utf8mb4 */;
CREATE TABLE `project` (
  `id` varchar(16) DEFAULT NULL,
  `description` longtext,
  `trainerId` varchar(16) DEFAULT NULL,
  `taskDescritpion` longtext,
  `goalDescription` longtext,
  `playbook` longtext
) ENGINE=InnoDB DEFAULT CHARSET=utf8mb4 COLLATE=utf8mb4_0900_ai_ci;
/*!40101 SET character_set_client = @saved_cs_client */;

--
-- Dumping data for table `project`
--

LOCK TABLES `project` WRITE;
/*!40000 ALTER TABLE `project` DISABLE KEYS */;
/*!40000 ALTER TABLE `project` ENABLE KEYS */;
UNLOCK TABLES;

--
-- Table structure for table `project_realization`
--

DROP TABLE IF EXISTS `project_realization`;
/*!40101 SET @saved_cs_client     = @@character_set_client */;
/*!50503 SET character_set_client = utf8mb4 */;
CREATE TABLE `project_realization` (
  `trainerId` varchar(16) DEFAULT NULL,
  `traineeId` varchar(16) DEFAULT NULL,
  `projectId` varchar(16) DEFAULT NULL,
  `semester` varchar(4) DEFAULT NULL
) ENGINE=InnoDB DEFAULT CHARSET=utf8mb4 COLLATE=utf8mb4_0900_ai_ci;
/*!40101 SET character_set_client = @saved_cs_client */;

--
-- Dumping data for table `project_realization`
--

LOCK TABLES `project_realization` WRITE;
/*!40000 ALTER TABLE `project_realization` DISABLE KEYS */;
/*!40000 ALTER TABLE `project_realization` ENABLE KEYS */;
UNLOCK TABLES;

--
-- Table structure for table `topic`
--

DROP TABLE IF EXISTS `topic`;
/*!40101 SET @saved_cs_client     = @@character_set_client */;
/*!50503 SET character_set_client = utf8mb4 */;
CREATE TABLE `topic` (
  `id` varchar(16) DEFAULT NULL,
  `topicDescription` longtext,
  `subTopic` longtext
) ENGINE=InnoDB DEFAULT CHARSET=utf8mb4 COLLATE=utf8mb4_0900_ai_ci;
/*!40101 SET character_set_client = @saved_cs_client */;

--
-- Dumping data for table `topic`
--

LOCK TABLES `topic` WRITE;
/*!40000 ALTER TABLE `topic` DISABLE KEYS */;
INSERT INTO `topic` VALUES ('0','berufsprofilgebende Fertigkeiten, Kenntnisse und Fähigkeiten','Planen, Vorbereiten und Durchführen von Arbeitsaufgaben in Abstimmung mit den kundenspezifischen Geschäfts- und Leistungsprozessen'),('1','berufsprofilgebende Fertigkeiten, Kenntnisse und Fähigkeiten','Informieren und Beraten von Kunden und Kundinnen'),('2','berufsprofilgebende Fertigkeiten, Kenntnisse und Fähigkeiten','Beurteilen marktgängiger IT-Systeme und kundenspezifischer Lösungen'),('3','berufsprofilgebende Fertigkeiten, Kenntnisse und Fähigkeiten','Entwickeln, Erstellen und Betreuen von IT-Lösungen'),('4','berufsprofilgebende Fertigkeiten, Kenntnisse und Fähigkeiten','Durchführen und Dokumentieren von qualitätssichernden Maßnahmen '),('5','berufsprofilgebende Fertigkeiten, Kenntnisse und Fähigkeiten','Umsetzen, Integrieren und Prüfen von Maßnahmen zur IT-Sicherheit und zum Datenschutz'),('6','berufsprofilgebende Fertigkeiten, Kenntnisse und Fähigkeiten','Erbringen der Leistungen und Auftragsabschluss'),('7','berufsprofilgebende Fertigkeiten, Kenntnisse und Fähigkeiten','Betreiben von IT-Systemen'),('8','berufsprofilgebende Fertigkeiten, Kenntnisse und Fähigkeiten','Inbetriebnehmen von Speicherlösungen'),('9','berufsprofilgebende Fertigkeiten, Kenntnisse und Fähigkeiten','Programmieren von Softwarelösungen '),('10','berufsprofilgebende Fertigkeiten, Kenntnisse und Fähigkeiten in der Fachrichtung Anwendungsentwicklung','Konzipieren und Umsetzen von kundenspezifischen Softwareanwendungen'),('11','berufsprofilgebende Fertigkeiten, Kenntnisse und Fähigkeiten in der Fachrichtung Anwendungsentwicklung','Sicherstellen der Qualität von Softwareanwendungen'),('12','fachrichtungsübergreifende, integrativ zu vermittelnde Fertigkeiten, Kenntnisse und Fähigkeiten','Berufsbildung sowie Arbeits- und Tarifrecht'),('13','fachrichtungsübergreifende, integrativ zu vermittelnde Fertigkeiten, Kenntnisse und Fähigkeiten','Aufbau und Organisation des Ausbildungsbetriebes'),('14','fachrichtungsübergreifende, integrativ zu vermittelnde Fertigkeiten, Kenntnisse und Fähigkeiten','Sicherheit und Gesundheitsschutz bei der Arbeit'),('15','fachrichtungsübergreifende, integrativ zu vermittelnde Fertigkeiten, Kenntnisse und Fähigkeiten','Umweltschutz'),('16','fachrichtungsübergreifende, integrativ zu vermittelnde Fertigkeiten, Kenntnisse und Fähigkeiten','Vernetztes Zusammenarbeiten unter Nutzung digitaler Medien');
/*!40000 ALTER TABLE `topic` ENABLE KEYS */;
UNLOCK TABLES;

--
-- Table structure for table `trainee`
--

DROP TABLE IF EXISTS `trainee`;
/*!40101 SET @saved_cs_client     = @@character_set_client */;
/*!50503 SET character_set_client = utf8mb4 */;
CREATE TABLE `trainee` (
  `id` varchar(16) DEFAULT NULL,
  `firstName` longtext,
  `lastName` longtext,
  `eMail` varchar(70) DEFAULT NULL,
  `description` longtext,
  `startDate` date DEFAULT NULL,
  `endDate` date DEFAULT NULL
) ENGINE=InnoDB DEFAULT CHARSET=utf8mb4 COLLATE=utf8mb4_0900_ai_ci;
/*!40101 SET character_set_client = @saved_cs_client */;

--
-- Dumping data for table `trainee`
--

LOCK TABLES `trainee` WRITE;
/*!40000 ALTER TABLE `trainee` DISABLE KEYS */;
INSERT INTO `trainee` VALUES ('0','Hans','Schmid','etwas','...','2019-01-02','2022-05-06'),('1','Franz','Müller','nochwas','...','2019-01-01','2022-06-06');
/*!40000 ALTER TABLE `trainee` ENABLE KEYS */;
UNLOCK TABLES;

--
-- Table structure for table `trainer`
--

DROP TABLE IF EXISTS `trainer`;
/*!40101 SET @saved_cs_client     = @@character_set_client */;
/*!50503 SET character_set_client = utf8mb4 */;
CREATE TABLE `trainer` (
  `id` varchar(16) DEFAULT NULL,
  `firstName` longtext,
  `lastName` longtext,
  `eMail` varchar(70) DEFAULT NULL
) ENGINE=InnoDB DEFAULT CHARSET=utf8mb4 COLLATE=utf8mb4_0900_ai_ci;
/*!40101 SET character_set_client = @saved_cs_client */;

--
-- Dumping data for table `trainer`
--

LOCK TABLES `trainer` WRITE;
/*!40000 ALTER TABLE `trainer` DISABLE KEYS */;
/*!40000 ALTER TABLE `trainer` ENABLE KEYS */;
UNLOCK TABLES;
/*!40103 SET TIME_ZONE=@OLD_TIME_ZONE */;

/*!40101 SET SQL_MODE=@OLD_SQL_MODE */;
/*!40014 SET FOREIGN_KEY_CHECKS=@OLD_FOREIGN_KEY_CHECKS */;
/*!40014 SET UNIQUE_CHECKS=@OLD_UNIQUE_CHECKS */;
/*!40101 SET CHARACTER_SET_CLIENT=@OLD_CHARACTER_SET_CLIENT */;
/*!40101 SET CHARACTER_SET_RESULTS=@OLD_CHARACTER_SET_RESULTS */;
/*!40101 SET COLLATION_CONNECTION=@OLD_COLLATION_CONNECTION */;
/*!40111 SET SQL_NOTES=@OLD_SQL_NOTES */;

-- Dump completed on 2022-10-14 11:13:40
